obs,y_1,y_2
18,42.0,82.0
19,42.0,82.0
20,42.0,82.0
21,42.0,82.0
22,42.0,82.0
23,42.0,82.0
24,42.0,82.0
25,42.0,82.0
26,42.0,82.0
27,42.0,82.0
28,42.0,82.0
29,42.0,82.0
30,42.0,82.0
31,42.0,82.0
32,42.0,82.0
33,42.0,82.0
127,42.0,82.0
128,42.0,82.0
129,42.0,82.0
146,42.0,82.0
147,42.0,82.0
148,42.0,82.0
149,42.0,82.0
150,42.0,82.0
151,42.0,82.0
152,42.0,82.0
153,42.0,82.0
154,42.0,82.0
195,42.0,82.0
196,42.0,82.0
197,42.0,82.0
198,42.0,82.0
199,42.0,82.0
200,42.0,82.0
201,42.0,82.0
202,42.0,82.0
203,42.0,82.0
204,42.0,82.0
205,42.0,82.0
206,42.0,82.0
207,42.0,82.0
208,42.0,82.0
209,42.0,82.0
210,42.0,82.0
211,42.0,82.0
212,42.0,82.0
213,42.0,82.0
214,42.0,82.0
215,42.0,82.0
216,42.0,82.0
217,42.0,82.0
227,42.0,82.0
228,42.0,82.0
229,42.0,82.0
230,42.0,82.0
231,42.0,82.0
299,42.0,82.0
300,42.0,82.0
301,42.0,82.0
302,42.0,82.0
303,42.0,82.0
304,42.0,82.0
305,42.0,82.0
306,42.0,82.0
307,42.0,82.0
308,42.0,82.0
309,42.0,82.0
310,42.0,82.0
311,42.0,82.0
312,42.0,82.0
313,42.0,82.0
314,42.0,82.0
315,42.0,82.0
320,42.0,82.0
321,42.0,82.0
322,42.0,82.0
323,42.0,82.0
324,42.0,82.0
325,42.0,82.0
326,42.0,82.0
327,42.0,82.0
328,42.0,82.0
329,42.0,82.0
330,42.0,82.0
331,42.0,82.0
332,42.0,82.0
333,42.0,82.0
334,42.0,82.0
335,42.0,82.0
336,42.0,82.0
337,42.0,82.0
338,42.0,82.0
339,42.0,82.0
340,42.0,82.0
341,42.0,82.0
342,42.0,82.0
343,42.0,82.0
344,42.0,82.0
345,42.0,82.0
346,42.0,82.0
347,42.0,82.0
348,42.0,82.0
349,42.0,82.0
350,42.0,82.0
351,42.0,82.0
352,42.0,82.0
353,42.0,82.0
354,42.0,82.0
355,42.0,82.0
356,42.0,82.0
357,42.0,82.0
358,42.0,82.0
359,42.0,82.0
360,42.0,82.0
361,42.0,82.0
362,42.0,82.0
363,42.0,82.0
364,42.0,82.0
365,42.0,82.0
366,42.0,82.0
367,42.0,82.0
368,42.0,82.0
369,42.0,82.0
370,42.0,82.0
371,42.0,82.0
372,42.0,82.0
373,42.0,82.0
374,42.0,82.0
375,42.0,82.0
376,42.0,82.0
377,42.0,82.0
378,42.0,82.0
379,42.0,82.0
380,42.0,82.0
381,42.0,82.0
382,42.0,82.0
383,42.0,82.0
384,42.0,82.0
385,42.0,82.0
386,42.0,82.0
387,42.0,82.0
388,42.0,82.0
389,42.0,82.0
390,42.0,82.0
391,42.0,82.0
392,42.0,82.0
393,42.0,82.0
394,42.0,82.0
395,42.0,82.0
396,42.0,82.0
397,42.0,82.0
398,42.0,82.0
399,42.0,82.0
400,42.0,82.0
401,42.0,82.0
402,42.0,82.0
403,42.0,82.0
404,42.0,82.0
405,42.0,82.0
406,42.0,82.0
407,42.0,82.0
408,42.0,82.0
409,42.0,82.0
410,42.0,82.0
411,42.0,82.0
412,42.0,82.0
413,42.0,82.0
414,42.0,82.0
415,42.0,82.0
416,42.0,82.0
417,42.0,82.0
418,42.0,82.0
419,42.0,82.0
420,42.0,82.0
421,42.0,82.0
422,42.0,82.0
423,42.0,82.0
424,42.0,82.0
425,42.0,82.0
454,42.0,82.0
455,42.0,82.0
456,42.0,82.0
457,42.0,82.0
553,42.0,82.0
554,42.0,82.0
555,42.0,82.0
556,42.0,82.0
557,42.0,82.0
558,42.0,82.0
559,42.0,82.0
560,42.0,82.0
561,42.0,82.0
580,42.0,82.0
581,42.0,82.0
582,42.0,82.0
583,42.0,82.0
584,42.0,82.0
585,42.0,82.0
586,42.0,82.0
587,42.0,82.0
588,42.0,82.0
589,42.0,82.0
590,42.0,82.0
591,42.0,82.0
592,42.0,82.0
593,42.0,82.0
594,42.0,82.0
595,42.0,82.0
596,42.0,82.0
597,42.0,82.0
598,42.0,82.0
599,42.0,82.0
600,42.0,82.0
601,42.0,82.0
602,42.0,82.0
603,42.0,82.0
636,42.0,82.0
649,42.0,82.0
650,42.0,82.0
651,42.0,82.0
652,42.0,82.0
653,42.0,82.0
654,42.0,82.0
655,42.0,82.0
656,42.0,82.0
657,42.0,82.0
658,42.0,82.0
666,42.0,82.0
667,42.0,82.0
668,42.0,82.0
669,42.0,82.0
670,42.0,82.0
671,42.0,82.0
681,42.0,82.0
682,42.0,82.0
683,42.0,82.0
684,42.0,82.0
685,42.0,82.0
686,42.0,82.0
687,42.0,82.0
688,42.0,82.0
689,42.0,82.0
690,42.0,82.0
691,42.0,82.0
692,42.0,82.0
699,42.0,82.0
700,42.0,82.0
701,42.0,82.0
702,42.0,82.0
703,42.0,82.0
704,42.0,82.0
705,42.0,82.0
706,42.0,82.0
707,42.0,82.0
708,42.0,82.0
709,42.0,82.0
710,42.0,82.0
722,42.0,82.0
838,42.0,82.0
839,42.0,82.0
1096,42.0,82.0
1097,42.0,82.0
1098,42.0,82.0
1099,42.0,82.0
1100,42.0,82.0
1101,42.0,82.0
1102,42.0,82.0
1103,42.0,82.0
1104,42.0,82.0
1105,42.0,82.0
1106,42.0,82.0
1107,42.0,82.0
1108,42.0,82.0
1259,42.0,82.0
1260,42.0,82.0
1261,42.0,82.0
1262,42.0,82.0
1263,42.0,82.0
1264,42.0,82.0
1265,42.0,82.0
1266,42.0,82.0
1267,42.0,82.0
1268,42.0,82.0
1269,42.0,82.0
1270,42.0,82.0
1271,42.0,82.0
1272,42.0,82.0
1273,42.0,82.0
1274,42.0,82.0
1275,42.0,82.0
1276,42.0,82.0
1277,42.0,82.0
1278,42.0,82.0
1279,42.0,82.0
1280,42.0,82.0
1281,42.0,82.0
1282,42.0,82.0
1283,42.0,82.0
1284,42.0,82.0
1285,42.0,82.0
1286,42.0,82.0
1287,42.0,82.0
1288,42.0,82.0
1289,42.0,82.0
1290,42.0,82.0
1291,42.0,82.0
1319,42.0,82.0
1320,42.0,82.0
1321,42.0,82.0
1322,42.0,82.0
1323,42.0,82.0
1324,42.0,82.0
1325,42.0,82.0
1326,42.0,82.0
1327,42.0,82.0
1328,42.0,82.0
1329,42.0,82.0
1330,42.0,82.0
1331,42.0,82.0
1332,42.0,82.0
1333,42.0,82.0
1334,42.0,82.0
1335,42.0,82.0
1336,42.0,82.0
1337,42.0,82.0
1338,42.0,82.0
1339,42.0,82.0
1340,42.0,82.0
1341,42.0,82.0
1342,42.0,82.0
1343,42.0,82.0
1344,42.0,82.0
1345,42.0,82.0
1346,42.0,82.0
1347,42.0,82.0
1418,42.0,82.0
1419,42.0,82.0
1420,42.0,82.0
1421,42.0,82.0
1422,42.0,82.0
1423,42.0,82.0
1424,42.0,82.0
1425,42.0,82.0
1426,42.0,82.0
1427,42.0,82.0
1428,42.0,82.0
1429,42.0,82.0
1430,42.0,82.0
1431,42.0,82.0
1432,42.0,82.0
1433,42.0,82.0
1434,42.0,82.0
1435,42.0,82.0
1436,42.0,82.0
1437,42.0,82.0
1438,42.0,82.0
1439,42.0,82.0
1440,42.0,82.0
1441,42.0,82.0
1442,42.0,82.0
1443,42.0,82.0
1444,42.0,82.0
1545,42.0,82.0
1546,42.0,82.0
1547,42.0,82.0
1558,42.0,82.0
1559,42.0,82.0
1560,42.0,82.0
1561,42.0,82.0
1562,42.0,82.0
1563,42.0,82.0
1564,42.0,82.0
1565,42.0,82.0
1566,42.0,82.0
1567,42.0,82.0
1568,42.0,82.0
1569,42.0,82.0
1570,42.0,82.0
1571,42.0,82.0
1572,42.0,82.0
1573,42.0,82.0
1574,42.0,82.0
1575,42.0,82.0
1576,42.0,82.0
1577,42.0,82.0
1578,42.0,82.0
1579,42.0,82.0
1580,42.0,82.0
1581,42.0,82.0
1582,42.0,82.0
1583,42.0,82.0
1693,42.0,82.0
1694,42.0,82.0
1695,42.0,82.0
1696,42.0,82.0
1697,42.0,82.0
1698,42.0,82.0
1699,42.0,82.0
1700,42.0,82.0
1701,42.0,82.0
1702,42.0,82.0
1703,42.0,82.0
1704,42.0,82.0
1705,42.0,82.0
1706,42.0,82.0
1707,42.0,82.0
1708,42.0,82.0
1709,42.0,82.0
1710,42.0,82.0
1711,42.0,82.0
1712,42.0,82.0
1713,42.0,82.0
1714,42.0,82.0
1715,42.0,82.0
1716,42.0,82.0
1717,42.0,82.0
1718,42.0,82.0
1866,42.0,82.0
1867,42.0,82.0
1868,42.0,82.0
1869,42.0,82.0
1925,42.0,82.0
1926,42.0,82.0
1927,42.0,82.0
1928,42.0,82.0
1929,42.0,82.0
2123,42.0,82.0
2124,42.0,82.0
2125,42.0,82.0
2126,42.0,82.0
2127,42.0,82.0
2128,42.0,82.0
2129,42.0,82.0
2130,42.0,82.0
2131,42.0,82.0
2132,42.0,82.0
2133,42.0,82.0
2134,42.0,82.0
2135,42.0,82.0
2136,42.0,82.0
2137,42.0,82.0
2138,42.0,82.0
2139,42.0,82.0
2140,42.0,82.0
2232,42.0,82.0
2233,42.0,82.0
2234,42.0,82.0
2235,42.0,82.0
2236,42.0,82.0
2242,42.0,82.0
2243,42.0,82.0
2244,42.0,82.0
2245,42.0,82.0
2246,42.0,82.0
2247,42.0,82.0
2248,42.0,82.0
2270,42.0,82.0
2271,42.0,82.0
2272,42.0,82.0
2273,42.0,82.0
2274,42.0,82.0
2275,42.0,82.0
2281,42.0,82.0
2282,42.0,82.0
2283,42.0,82.0
2284,42.0,82.0
2285,42.0,82.0
2286,42.0,82.0
2287,42.0,82.0
2288,42.0,82.0
2289,42.0,82.0
2290,42.0,82.0
2291,42.0,82.0
2292,42.0,82.0
2293,42.0,82.0
2294,42.0,82.0
2295,42.0,82.0
2296,42.0,82.0
2297,42.0,82.0
2355,42.0,82.0
2356,42.0,82.0
2357,42.0,82.0
2358,42.0,82.0
2359,42.0,82.0
2360,42.0,82.0
2361,42.0,82.0
2362,42.0,82.0
2363,42.0,82.0
2364,42.0,82.0
2365,42.0,82.0
2573,42.0,82.0
2590,42.0,82.0
2591,42.0,82.0
2651,42.0,82.0
2652,42.0,82.0
2653,42.0,82.0
2654,42.0,82.0
2655,42.0,82.0
2656,42.0,82.0
2657,42.0,82.0
2658,42.0,82.0
2659,42.0,82.0
2660,42.0,82.0
2669,42.0,82.0
2670,42.0,82.0
2671,42.0,82.0
2672,42.0,82.0
2673,42.0,82.0
2674,42.0,82.0
2675,42.0,82.0
2676,42.0,82.0
2677,42.0,82.0
2678,42.0,82.0
2679,42.0,82.0
2680,42.0,82.0
2681,42.0,82.0
2682,42.0,82.0
2683,42.0,82.0
2684,42.0,82.0
2685,42.0,82.0
2701,42.0,82.0
2702,42.0,82.0
2703,42.0,82.0
2704,42.0,82.0
2705,42.0,82.0
2706,42.0,82.0
2707,42.0,82.0
2708,42.0,82.0
2709,42.0,82.0
2710,42.0,82.0
2711,42.0,82.0
2712,42.0,82.0
2713,42.0,82.0
2714,42.0,82.0
2715,42.0,82.0
2719,42.0,82.0
2720,42.0,82.0
2736,42.0,82.0
2737,42.0,82.0
2748,42.0,82.0
2768,42.0,82.0
2769,42.0,82.0
3089,42.0,82.0
3090,42.0,82.0
3091,42.0,82.0
3092,42.0,82.0
3093,42.0,82.0
3094,42.0,82.0
3095,42.0,82.0
3096,42.0,82.0
3097,42.0,82.0
3098,42.0,82.0
3154,42.0,82.0
3173,42.0,82.0
3174,42.0,82.0
3175,42.0,82.0
3176,42.0,82.0
3177,42.0,82.0
3178,42.0,82.0
3179,42.0,82.0
3180,42.0,82.0
3181,42.0,82.0
3182,42.0,82.0
3183,42.0,82.0
3184,42.0,82.0
3185,42.0,82.0
3186,42.0,82.0
3187,42.0,82.0
3188,42.0,82.0
3189,42.0,82.0
3190,42.0,82.0
3191,42.0,82.0
3192,42.0,82.0
3193,42.0,82.0
3194,42.0,82.0
3195,42.0,82.0
3196,42.0,82.0
3197,42.0,82.0
3198,42.0,82.0
3199,42.0,82.0
3200,42.0,82.0
3201,42.0,82.0
3202,42.0,82.0
3203,42.0,82.0
3204,42.0,82.0
3205,42.0,82.0
3206,42.0,82.0
3207,42.0,82.0
3275,42.0,82.0
3276,42.0,82.0
3277,42.0,82.0
3278,42.0,82.0
3279,42.0,82.0
3280,42.0,82.0
3281,42.0,82.0
3282,42.0,82.0
3283,42.0,82.0
3284,42.0,82.0
3285,42.0,82.0
3286,42.0,82.0
3287,42.0,82.0
3288,42.0,82.0
3289,42.0,82.0
3290,42.0,82.0
3291,42.0,82.0
3292,42.0,82.0
3293,42.0,82.0
3294,42.0,82.0
3295,42.0,82.0
3296,42.0,82.0
3357,42.0,82.0
3358,42.0,82.0
3359,42.0,82.0
3360,42.0,82.0
3361,42.0,82.0
3362,42.0,82.0
3363,42.0,82.0
3364,42.0,82.0
3365,42.0,82.0
3366,42.0,82.0
3367,42.0,82.0
3428,42.0,82.0
3429,42.0,82.0
3430,42.0,82.0
3431,42.0,82.0
3432,42.0,82.0
3433,42.0,82.0
3434,42.0,82.0
3435,42.0,82.0
3436,42.0,82.0
3437,42.0,82.0
3438,42.0,82.0
3521,42.0,82.0
3522,42.0,82.0
3523,42.0,82.0
3530,42.0,82.0
3531,42.0,82.0
3532,42.0,82.0
3533,42.0,82.0
3534,42.0,82.0
3535,42.0,82.0
3536,42.0,82.0
3537,42.0,82.0
3538,42.0,82.0
3539,42.0,82.0
3540,42.0,82.0
3541,42.0,82.0
3542,42.0,82.0
3543,42.0,82.0
3544,42.0,82.0
3545,42.0,82.0
3546,42.0,82.0
3547,42.0,82.0
3548,42.0,82.0
3549,42.0,82.0
3550,42.0,82.0
3571,42.0,82.0
3572,42.0,82.0
3573,42.0,82.0
3574,42.0,82.0
3575,42.0,82.0
3576,42.0,82.0
3577,42.0,82.0
3578,42.0,82.0
3579,42.0,82.0
3580,42.0,82.0
3581,42.0,82.0
3582,42.0,82.0
3583,42.0,82.0
3584,42.0,82.0
3585,42.0,82.0
3586,42.0,82.0
3587,42.0,82.0
3588,42.0,82.0
3589,42.0,82.0
3590,42.0,82.0
3591,42.0,82.0
3592,42.0,82.0
3593,42.0,82.0
3594,42.0,82.0
3595,42.0,82.0
3596,42.0,82.0
3597,42.0,82.0
3598,42.0,82.0
3599,42.0,82.0
3600,42.0,82.0
3601,42.0,82.0
3602,42.0,82.0
3603,42.0,82.0
3604,42.0,82.0
3605,42.0,82.0
3606,42.0,82.0
3607,42.0,82.0
3608,42.0,82.0
3609,42.0,82.0
3610,42.0,82.0
3611,42.0,82.0
3612,42.0,82.0
3613,42.0,82.0
3614,42.0,82.0
3615,42.0,82.0
3616,42.0,82.0
3617,42.0,82.0
3618,42.0,82.0
3619,42.0,82.0
3620,42.0,82.0
3621,42.0,82.0
3622,42.0,82.0
3623,42.0,82.0
3624,42.0,82.0
3625,42.0,82.0
3626,42.0,82.0
3627,42.0,82.0
3628,42.0,82.0
3629,42.0,82.0
3630,42.0,82.0
3631,42.0,82.0
3632,42.0,82.0
3633,42.0,82.0
3634,42.0,82.0
3635,42.0,82.0
3636,42.0,82.0
3637,42.0,82.0
3638,42.0,82.0
3639,42.0,82.0
3640,42.0,82.0
3641,42.0,82.0
3642,42.0,82.0
3643,42.0,82.0
3644,42.0,82.0
3852,42.0,82.0
3853,42.0,82.0
3854,42.0,82.0
3855,42.0,82.0
3856,42.0,82.0
3857,42.0,82.0
3893,42.0,82.0
3894,42.0,82.0
3895,42.0,82.0
3896,42.0,82.0
3897,42.0,82.0
3898,42.0,82.0
3899,42.0,82.0
3900,42.0,82.0
3975,42.0,82.0
4101,42.0,82.0
4102,42.0,82.0
4103,42.0,82.0
4104,42.0,82.0
4105,42.0,82.0
4106,42.0,82.0
4107,42.0,82.0
4108,42.0,82.0
4109,42.0,82.0
4110,42.0,82.0
4111,42.0,82.0
4112,42.0,82.0
4113,42.0,82.0
4114,42.0,82.0
4115,42.0,82.0
4116,42.0,82.0
4117,42.0,82.0
4118,42.0,82.0
4119,42.0,82.0
4120,42.0,82.0
4121,42.0,82.0
4122,42.0,82.0
4123,42.0,82.0
4124,42.0,82.0
4145,42.0,82.0
4146,42.0,82.0
4147,42.0,82.0
4148,42.0,82.0
4149,42.0,82.0
4150,42.0,82.0
4151,42.0,82.0
4152,42.0,82.0
4153,42.0,82.0
4154,42.0,82.0
4155,42.0,82.0
4156,42.0,82.0
4157,42.0,82.0
4158,42.0,82.0
4159,42.0,82.0
4160,42.0,82.0
4161,42.0,82.0
4162,42.0,82.0
4163,42.0,82.0
4164,42.0,82.0
4171,42.0,82.0
4172,42.0,82.0
4173,42.0,82.0
4174,42.0,82.0
4175,42.0,82.0
4176,42.0,82.0
4177,42.0,82.0
4178,42.0,82.0
4179,42.0,82.0
4180,42.0,82.0
4181,42.0,82.0
4182,42.0,82.0
4183,42.0,82.0
4184,42.0,82.0
4185,42.0,82.0
4186,42.0,82.0
4187,42.0,82.0
4188,42.0,82.0
4189,42.0,82.0
4190,42.0,82.0
4191,42.0,82.0
4192,42.0,82.0
4193,42.0,82.0
4194,42.0,82.0
4195,42.0,82.0
4211,42.0,82.0
4212,42.0,82.0
4213,42.0,82.0
4214,42.0,82.0
4215,42.0,82.0
4216,42.0,82.0
4217,42.0,82.0
4218,42.0,82.0
4219,42.0,82.0
4220,42.0,82.0
4224,42.0,82.0
4486,42.0,82.0
4487,42.0,82.0
4488,42.0,82.0
4489,42.0,82.0
4490,42.0,82.0
4491,42.0,82.0
4492,42.0,82.0
4493,42.0,82.0
4494,42.0,82.0
4495,42.0,82.0
4496,42.0,82.0
4497,42.0,82.0
4498,42.0,82.0
4499,42.0,82.0
4510,42.0,82.0
4511,42.0,82.0
4512,42.0,82.0
4513,42.0,82.0
4514,42.0,82.0
4515,42.0,82.0
4516,42.0,82.0
4517,42.0,82.0
4518,42.0,82.0
4519,42.0,82.0
4520,42.0,82.0
4521,42.0,82.0
4522,42.0,82.0
4523,42.0,82.0
4524,42.0,82.0
4525,42.0,82.0
4526,42.0,82.0
4527,42.0,82.0
4528,42.0,82.0
4529,42.0,82.0
4530,42.0,82.0
4531,42.0,82.0
4532,42.0,82.0
4533,42.0,82.0
4534,42.0,82.0
4535,42.0,82.0
4536,42.0,82.0
4537,42.0,82.0
4538,42.0,82.0
4539,42.0,82.0
4540,42.0,82.0
4541,42.0,82.0
4542,42.0,82.0
4543,42.0,82.0
4544,42.0,82.0
4969,42.0,82.0
4970,42.0,82.0
5000,42.0,82.0
5001,42.0,82.0
5002,42.0,82.0
5003,42.0,82.0
5004,42.0,82.0
5005,42.0,82.0
5006,42.0,82.0
5007,42.0,82.0
5079,42.0,82.0
5080,42.0,82.0
5132,42.0,82.0
5133,42.0,82.0
5134,42.0,82.0
5135,42.0,82.0
5136,42.0,82.0
5137,42.0,82.0
5138,42.0,82.0
5219,42.0,82.0
5220,42.0,82.0
5221,42.0,82.0
5222,42.0,82.0
5223,42.0,82.0
5224,42.0,82.0
5225,42.0,82.0
5226,42.0,82.0
5227,42.0,82.0
5228,42.0,82.0
5229,42.0,82.0
5230,42.0,82.0
5231,42.0,82.0
5232,42.0,82.0
5233,42.0,82.0
5234,42.0,82.0
5235,42.0,82.0
5236,42.0,82.0
5237,42.0,82.0
5238,42.0,82.0
5239,42.0,82.0
5240,42.0,82.0
5241,42.0,82.0
5242,42.0,82.0
5243,42.0,82.0
5244,42.0,82.0
5245,42.0,82.0
5246,42.0,82.0
5247,42.0,82.0
5280,42.0,82.0
5281,42.0,82.0
5282,42.0,82.0
5283,42.0,82.0
5321,42.0,82.0
5350,42.0,82.0
5351,42.0,82.0
5352,42.0,82.0
5353,42.0,82.0
5354,42.0,82.0
5355,42.0,82.0
5356,42.0,82.0
5357,42.0,82.0
5358,42.0,82.0
5359,42.0,82.0
5360,42.0,82.0
5361,42.0,82.0
5362,42.0,82.0
5363,42.0,82.0
5364,42.0,82.0
5365,42.0,82.0
5366,42.0,82.0
5367,42.0,82.0
5368,42.0,82.0
5415,42.0,82.0
5416,42.0,82.0
5417,42.0,82.0
5418,42.0,82.0
5419,42.0,82.0
5420,42.0,82.0
5421,42.0,82.0
5422,42.0,82.0
5423,42.0,82.0
5424,42.0,82.0
5425,42.0,82.0
5426,42.0,82.0
5549,42.0,82.0
5550,42.0,82.0
5551,42.0,82.0
5552,42.0,82.0
5553,42.0,82.0
5554,42.0,82.0
5555,42.0,82.0
5556,42.0,82.0
5557,42.0,82.0
5558,42.0,82.0
5559,42.0,82.0
5560,42.0,82.0
5561,42.0,82.0
5562,42.0,82.0
5563,42.0,82.0
5564,42.0,82.0
5565,42.0,82.0
5566,42.0,82.0
5567,42.0,82.0
5568,42.0,82.0
5569,42.0,82.0
5741,42.0,82.0
5742,42.0,82.0
5743,42.0,82.0
5744,42.0,82.0
5745,42.0,82.0
5746,42.0,82.0
5747,42.0,82.0
5782,42.0,82.0
5783,42.0,82.0
5784,42.0,82.0
5785,42.0,82.0
5786,42.0,82.0
5816,42.0,82.0
5817,42.0,82.0
5839,42.0,82.0
5840,42.0,82.0
5841,42.0,82.0
5842,42.0,82.0
5843,42.0,82.0
5844,42.0,82.0
5845,42.0,82.0
5846,42.0,82.0
5847,42.0,82.0
5848,42.0,82.0
5849,42.0,82.0
5850,42.0,82.0
5851,42.0,82.0
5852,42.0,82.0
5853,42.0,82.0
5854,42.0,82.0
5855,42.0,82.0
5856,42.0,82.0
5857,42.0,82.0
5858,42.0,82.0
5859,42.0,82.0
5860,42.0,82.0
5861,42.0,82.0
5897,42.0,82.0
5898,42.0,82.0
5899,42.0,82.0
5900,42.0,82.0
5901,42.0,82.0
5902,42.0,82.0
5903,42.0,82.0
5904,42.0,82.0
5905,42.0,82.0
5906,42.0,82.0
5907,42.0,82.0
5908,42.0,82.0
5909,42.0,82.0
5910,42.0,82.0
5911,42.0,82.0
5912,42.0,82.0
5913,42.0,82.0
5914,42.0,82.0
5915,42.0,82.0
5916,42.0,82.0
5917,42.0,82.0
5918,42.0,82.0
5919,42.0,82.0
5920,42.0,82.0
5921,42.0,82.0
5938,42.0,82.0
5939,42.0,82.0
5940,42.0,82.0
5941,42.0,82.0
5942,42.0,82.0
5954,42.0,82.0
5955,42.0,82.0
5956,42.0,82.0
5957,42.0,82.0
5958,42.0,82.0
5959,42.0,82.0
5960,42.0,82.0
5961,42.0,82.0
5962,42.0,82.0
5963,42.0,82.0
5964,42.0,82.0
5965,42.0,82.0
5966,42.0,82.0
5967,42.0,82.0
5968,42.0,82.0
5969,42.0,82.0
5970,42.0,82.0
5971,42.0,82.0
5972,42.0,82.0
6071,42.0,82.0
6072,42.0,82.0
6073,42.0,82.0
6074,42.0,82.0
6075,42.0,82.0
6076,42.0,82.0
6137,42.0,82.0
6138,42.0,82.0
6242,42.0,82.0
6243,42.0,82.0
6244,42.0,82.0
6245,42.0,82.0
6246,42.0,82.0
6282,42.0,82.0
6283,42.0,82.0
6284,42.0,82.0
6285,42.0,82.0
6286,42.0,82.0
6470,42.0,82.0
6482,42.0,82.0
6483,42.0,82.0
6484,42.0,82.0
6485,42.0,82.0
6486,42.0,82.0
6487,42.0,82.0
6488,42.0,82.0
6489,42.0,82.0
6498,42.0,82.0
6499,42.0,82.0
6546,42.0,82.0
6547,42.0,82.0
6548,42.0,82.0
6549,42.0,82.0
6550,42.0,82.0
6551,42.0,82.0
6552,42.0,82.0
6553,42.0,82.0
6554,42.0,82.0
6555,42.0,82.0
6581,42.0,82.0
6583,42.0,82.0
6584,42.0,82.0
6585,42.0,82.0
6586,42.0,82.0
6587,42.0,82.0
6588,42.0,82.0
6595,42.0,82.0
6596,42.0,82.0
6597,42.0,82.0
6598,42.0,82.0
6599,42.0,82.0
6600,42.0,82.0
6601,42.0,82.0
6609,42.0,82.0
6629,42.0,82.0
6630,42.0,82.0
6631,42.0,82.0
6632,42.0,82.0
6638,42.0,82.0
6639,42.0,82.0
6640,42.0,82.0
6641,42.0,82.0
6642,42.0,82.0
6643,42.0,82.0
6644,42.0,82.0
6645,42.0,82.0
6646,42.0,82.0
6647,42.0,82.0
6648,42.0,82.0
6649,42.0,82.0
6650,42.0,82.0
6651,42.0,82.0
6652,42.0,82.0
6653,42.0,82.0
6654,42.0,82.0
6655,42.0,82.0
6656,42.0,82.0
6657,42.0,82.0
6658,42.0,82.0
6659,42.0,82.0
6660,42.0,82.0
6661,42.0,82.0
6662,42.0,82.0
6663,42.0,82.0
6664,42.0,82.0
6665,42.0,82.0
6666,42.0,82.0
6667,42.0,82.0
6668,42.0,82.0
6669,42.0,82.0
6670,42.0,82.0
6671,42.0,82.0
6672,42.0,82.0
6673,42.0,82.0
6674,42.0,82.0
6675,42.0,82.0
6676,42.0,82.0
6677,42.0,82.0
6678,42.0,82.0
6679,42.0,82.0
6680,42.0,82.0
6681,42.0,82.0
6682,42.0,82.0
6683,42.0,82.0
6684,42.0,82.0
6685,42.0,82.0
6686,42.0,82.0
6687,42.0,82.0
6688,42.0,82.0
6689,42.0,82.0
6690,42.0,82.0
6691,42.0,82.0
6692,42.0,82.0
6693,42.0,82.0
6694,42.0,82.0
6695,42.0,82.0
6696,42.0,82.0
6697,42.0,82.0
6698,42.0,82.0
6699,42.0,82.0
6700,42.0,82.0
6701,42.0,82.0
6702,42.0,82.0
6703,42.0,82.0
6704,42.0,82.0
6705,42.0,82.0
6706,42.0,82.0
6707,42.0,82.0
6708,42.0,82.0
6709,42.0,82.0
6710,42.0,82.0
6711,42.0,82.0
6712,42.0,82.0
6713,42.0,82.0
6714,42.0,82.0
6715,42.0,82.0
6716,42.0,82.0
6717,42.0,82.0
6718,42.0,82.0
6719,42.0,82.0
6720,42.0,82.0
6721,42.0,82.0
6722,42.0,82.0
6723,42.0,82.0
6903,42.0,82.0
6904,42.0,82.0
6905,42.0,82.0
6906,42.0,82.0
6907,42.0,82.0
6908,42.0,82.0
6909,42.0,82.0
6910,42.0,82.0
6911,42.0,82.0
6912,42.0,82.0
6913,42.0,82.0
6914,42.0,82.0
6915,42.0,82.0
6916,42.0,82.0
6917,42.0,82.0
6918,42.0,82.0
6919,42.0,82.0
6920,42.0,82.0
6921,42.0,82.0
6922,42.0,82.0
6923,42.0,82.0
6924,42.0,82.0
6925,42.0,82.0
6926,42.0,82.0
6927,42.0,82.0
6928,42.0,82.0
6929,42.0,82.0
6930,42.0,82.0
6931,42.0,82.0
6932,42.0,82.0
6933,42.0,82.0
6934,42.0,82.0
6935,42.0,82.0
6936,42.0,82.0
6937,42.0,82.0
6938,42.0,82.0
6939,42.0,82.0
6940,42.0,82.0
6941,42.0,82.0
6942,42.0,82.0
6943,42.0,82.0
6944,42.0,82.0
6945,42.0,82.0
6946,42.0,82.0
7070,42.0,82.0
7071,42.0,82.0
7072,42.0,82.0
7073,42.0,82.0
7074,42.0,82.0
7075,42.0,82.0
7076,42.0,82.0
7077,42.0,82.0
7078,42.0,82.0
7079,42.0,82.0
7080,42.0,82.0
7081,42.0,82.0
7082,42.0,82.0
7083,42.0,82.0
7084,42.0,82.0
7085,42.0,82.0
7091,42.0,82.0
7092,42.0,82.0
7093,42.0,82.0
7094,42.0,82.0
7095,42.0,82.0
7096,42.0,82.0
7097,42.0,82.0
7098,42.0,82.0
7099,42.0,82.0
7100,42.0,82.0
7101,42.0,82.0
7102,42.0,82.0
7103,42.0,82.0
7104,42.0,82.0
7105,42.0,82.0
7106,42.0,82.0
7153,42.0,82.0
7154,42.0,82.0
7155,42.0,82.0
7156,42.0,82.0
7157,42.0,82.0
7158,42.0,82.0
7159,42.0,82.0
7245,42.0,82.0
7246,42.0,82.0
7247,42.0,82.0
7248,42.0,82.0
7249,42.0,82.0
7250,42.0,82.0
7251,42.0,82.0
7252,42.0,82.0
7253,42.0,82.0
7254,42.0,82.0
7255,42.0,82.0
7256,42.0,82.0
7257,42.0,82.0
7258,42.0,82.0
7259,42.0,82.0
7260,42.0,82.0
7261,42.0,82.0
7262,42.0,82.0
7263,42.0,82.0
7264,42.0,82.0
7265,42.0,82.0
7266,42.0,82.0
7267,42.0,82.0
7268,42.0,82.0
7359,42.0,82.0
7360,42.0,82.0
7364,42.0,82.0
7365,42.0,82.0
7366,42.0,82.0
7367,42.0,82.0
7368,42.0,82.0
7369,42.0,82.0
7380,42.0,82.0
7381,42.0,82.0
7382,42.0,82.0
7383,42.0,82.0
7384,42.0,82.0
7390,42.0,82.0
7391,42.0,82.0
7392,42.0,82.0
7393,42.0,82.0
7394,42.0,82.0
7395,42.0,82.0
7396,42.0,82.0
7400,42.0,82.0
7449,42.0,82.0
7450,42.0,82.0
7451,42.0,82.0
7452,42.0,82.0
7453,42.0,82.0
7454,42.0,82.0
7455,42.0,82.0
7456,42.0,82.0
7457,42.0,82.0
7458,42.0,82.0
7459,42.0,82.0
7460,42.0,82.0
7461,42.0,82.0
7462,42.0,82.0
7463,42.0,82.0
7464,42.0,82.0
7465,42.0,82.0
7466,42.0,82.0
7467,42.0,82.0
7468,42.0,82.0
7469,42.0,82.0
7470,42.0,82.0
7471,42.0,82.0
7472,42.0,82.0
7482,42.0,82.0
7632,42.0,82.0
7633,42.0,82.0
7634,42.0,82.0
7635,42.0,82.0
7636,42.0,82.0
7755,42.0,82.0
7756,42.0,82.0
7757,42.0,82.0
7758,42.0,82.0
7759,42.0,82.0
7760,42.0,82.0
7761,42.0,82.0
7762,42.0,82.0
7763,42.0,82.0
7764,42.0,82.0
7765,42.0,82.0
7766,42.0,82.0
7767,42.0,82.0
7768,42.0,82.0
7769,42.0,82.0
7782,42.0,82.0
7811,42.0,82.0
7812,42.0,82.0
7813,42.0,82.0
7814,42.0,82.0
7815,42.0,82.0
7816,42.0,82.0
7817,42.0,82.0
7818,42.0,82.0
7819,42.0,82.0
7820,42.0,82.0
7821,42.0,82.0
7822,42.0,82.0
7823,42.0,82.0
7858,42.0,82.0
7859,42.0,82.0
7860,42.0,82.0
7861,42.0,82.0
7872,42.0,82.0
7873,42.0,82.0
7874,42.0,82.0
7891,42.0,82.0
7892,42.0,82.0
7893,42.0,82.0
7894,42.0,82.0
7895,42.0,82.0
7896,42.0,82.0
7938,42.0,82.0
7939,42.0,82.0
7940,42.0,82.0
7941,42.0,82.0
7942,42.0,82.0
7990,42.0,82.0
7991,42.0,82.0
7992,42.0,82.0
7993,42.0,82.0
7994,42.0,82.0
7995,42.0,82.0
7996,42.0,82.0
7997,42.0,82.0
7998,42.0,82.0
7999,42.0,82.0
8000,42.0,82.0
8001,42.0,82.0
8002,42.0,82.0
8003,42.0,82.0
8004,42.0,82.0
8005,42.0,82.0
8006,42.0,82.0
8007,42.0,82.0
8008,42.0,82.0
8009,42.0,82.0
8010,42.0,82.0
8022,42.0,82.0
8023,42.0,82.0
8024,42.0,82.0
8025,42.0,82.0
8026,42.0,82.0
8027,42.0,82.0
8028,42.0,82.0
8029,42.0,82.0
8030,42.0,82.0
8031,42.0,82.0
8032,42.0,82.0
8033,42.0,82.0
8034,42.0,82.0
8035,42.0,82.0
8036,42.0,82.0
8037,42.0,82.0
8038,42.0,82.0
8039,42.0,82.0
8040,42.0,82.0
8041,42.0,82.0
8042,42.0,82.0
8043,42.0,82.0
8044,42.0,82.0
8045,42.0,82.0
8046,42.0,82.0
8047,42.0,82.0
8048,42.0,82.0
8049,42.0,82.0
8050,42.0,82.0
8051,42.0,82.0
8052,42.0,82.0
8053,42.0,82.0
8054,42.0,82.0
8055,42.0,82.0
8056,42.0,82.0
8057,42.0,82.0
8058,42.0,82.0
8059,42.0,82.0
8060,42.0,82.0
8061,42.0,82.0
8062,42.0,82.0
8063,42.0,82.0
8064,42.0,82.0
8065,42.0,82.0
8066,42.0,82.0
8067,42.0,82.0
8068,42.0,82.0
8069,42.0,82.0
8070,42.0,82.0
8071,42.0,82.0
8072,42.0,82.0
8073,42.0,82.0
8109,42.0,82.0
8110,42.0,82.0
8111,42.0,82.0
8112,42.0,82.0
8113,42.0,82.0
8164,42.0,82.0
8165,42.0,82.0
8166,42.0,82.0
8167,42.0,82.0
8168,42.0,82.0
8169,42.0,82.0
8170,42.0,82.0
8171,42.0,82.0
8172,42.0,82.0
8173,42.0,82.0
8174,42.0,82.0
8175,42.0,82.0
8176,42.0,82.0
8177,42.0,82.0
8178,42.0,82.0
8179,42.0,82.0
8180,42.0,82.0
8248,42.0,82.0
8249,42.0,82.0
8250,42.0,82.0
8251,42.0,82.0
8267,42.0,82.0
8268,42.0,82.0
8269,42.0,82.0
8270,42.0,82.0
8271,42.0,82.0
8272,42.0,82.0
8273,42.0,82.0
8274,42.0,82.0
8275,42.0,82.0
8276,42.0,82.0
8277,42.0,82.0
8278,42.0,82.0
8279,42.0,82.0
8311,42.0,82.0
8312,42.0,82.0
8313,42.0,82.0
8314,42.0,82.0
8315,42.0,82.0
8316,42.0,82.0
8317,42.0,82.0
8318,42.0,82.0
8319,42.0,82.0
8320,42.0,82.0
8321,42.0,82.0
8322,42.0,82.0
8323,42.0,82.0
8324,42.0,82.0
8325,42.0,82.0
8326,42.0,82.0
8327,42.0,82.0
8328,42.0,82.0
8329,42.0,82.0
8330,42.0,82.0
8338,42.0,82.0
8339,42.0,82.0
8340,42.0,82.0
8341,42.0,82.0
8342,42.0,82.0
8343,42.0,82.0
8344,42.0,82.0
8345,42.0,82.0
8346,42.0,82.0
8347,42.0,82.0
8348,42.0,82.0
8379,42.0,82.0
8380,42.0,82.0
8382,42.0,82.0
8383,42.0,82.0
8385,42.0,82.0
8386,42.0,82.0
8387,42.0,82.0
8388,42.0,82.0
8389,42.0,82.0
8390,42.0,82.0
8401,42.0,82.0
8402,42.0,82.0
8403,42.0,82.0
8404,42.0,82.0
8405,42.0,82.0
8406,42.0,82.0
8407,42.0,82.0
8431,42.0,82.0
8432,42.0,82.0
8457,42.0,82.0
8458,42.0,82.0
8459,42.0,82.0
8460,42.0,82.0
8461,42.0,82.0
8462,42.0,82.0
8463,42.0,82.0
8464,42.0,82.0
8465,42.0,82.0
8466,42.0,82.0
8467,42.0,82.0
8468,42.0,82.0
8469,42.0,82.0
8470,42.0,82.0
8471,42.0,82.0
8472,42.0,82.0
8473,42.0,82.0
8474,42.0,82.0
8475,42.0,82.0
8476,42.0,82.0
8477,42.0,82.0
8478,42.0,82.0
8479,42.0,82.0
8480,42.0,82.0
8511,42.0,82.0
8512,42.0,82.0
8513,42.0,82.0
8514,42.0,82.0
8515,42.0,82.0
8516,42.0,82.0
8628,42.0,82.0
8629,42.0,82.0
8635,42.0,82.0
8636,42.0,82.0
8637,42.0,82.0
8638,42.0,82.0
8649,42.0,82.0
8656,42.0,82.0
8679,42.0,82.0
8680,42.0,82.0
8681,42.0,82.0
8682,42.0,82.0
8683,42.0,82.0
8684,42.0,82.0
8685,42.0,82.0
8686,42.0,82.0
8687,42.0,82.0
8688,42.0,82.0
8689,42.0,82.0
8690,42.0,82.0
8691,42.0,82.0
8692,42.0,82.0
8715,42.0,82.0
8716,42.0,82.0
8717,42.0,82.0
8718,42.0,82.0
8719,42.0,82.0
8720,42.0,82.0
8721,42.0,82.0
8726,42.0,82.0
8727,42.0,82.0
8728,42.0,82.0
8729,42.0,82.0
8730,42.0,82.0
8731,42.0,82.0
8732,42.0,82.0
8733,42.0,82.0
8734,42.0,82.0
8735,42.0,82.0
8736,42.0,82.0
8737,42.0,82.0
8738,42.0,82.0
8739,42.0,82.0
8740,42.0,82.0
8741,42.0,82.0
8742,42.0,82.0
8743,42.0,82.0
8744,42.0,82.0
8745,42.0,82.0
8746,42.0,82.0
8747,42.0,82.0
8748,42.0,82.0
8749,42.0,82.0
8750,42.0,82.0
8751,42.0,82.0
8752,42.0,82.0
8753,42.0,82.0
8754,42.0,82.0
8755,42.0,82.0
8756,42.0,82.0
8757,42.0,82.0
8758,42.0,82.0
8759,42.0,82.0
8760,42.0,82.0
8761,42.0,82.0
8762,42.0,82.0
8763,42.0,82.0
8772,42.0,82.0
8773,42.0,82.0
8774,42.0,82.0
8775,42.0,82.0
8776,42.0,82.0
8777,42.0,82.0
8778,42.0,82.0
8779,42.0,82.0
8780,42.0,82.0
8781,42.0,82.0
8787,42.0,82.0
8788,42.0,82.0
8789,42.0,82.0
8790,42.0,82.0
8803,42.0,82.0
8804,42.0,82.0
8805,42.0,82.0
8806,42.0,82.0
8807,42.0,82.0
8808,42.0,82.0
8809,42.0,82.0
8811,42.0,82.0
8812,42.0,82.0
8813,42.0,82.0
8814,42.0,82.0
8815,42.0,82.0
8816,42.0,82.0
8817,42.0,82.0
8818,42.0,82.0
8819,42.0,82.0
8820,42.0,82.0
8821,42.0,82.0
8822,42.0,82.0
8823,42.0,82.0
8824,42.0,82.0
8825,42.0,82.0
8826,42.0,82.0
8827,42.0,82.0
8828,42.0,82.0
8829,42.0,82.0
8830,42.0,82.0
8831,42.0,82.0
8832,42.0,82.0
8893,42.0,82.0
9045,42.0,82.0
9046,42.0,82.0
9047,42.0,82.0
9048,42.0,82.0
9049,42.0,82.0
9050,42.0,82.0
9051,42.0,82.0
9052,42.0,82.0
9053,42.0,82.0
9054,42.0,82.0
9055,42.0,82.0
9056,42.0,82.0
9057,42.0,82.0
9058,42.0,82.0
9059,42.0,82.0
9060,42.0,82.0
9061,42.0,82.0
9062,42.0,82.0
9063,42.0,82.0
9064,42.0,82.0
9065,42.0,82.0
9066,42.0,82.0
9067,42.0,82.0
9072,42.0,82.0
9073,42.0,82.0
9074,42.0,82.0
9075,42.0,82.0
9076,42.0,82.0
9077,42.0,82.0
9078,42.0,82.0
9086,42.0,82.0
9087,42.0,82.0
9088,42.0,82.0
9089,42.0,82.0
9112,42.0,82.0
9113,42.0,82.0
9114,42.0,82.0
9115,42.0,82.0
9116,42.0,82.0
9117,42.0,82.0
9118,42.0,82.0
9119,42.0,82.0
9120,42.0,82.0
9123,42.0,82.0
9144,42.0,82.0
9148,42.0,82.0
9149,42.0,82.0
9150,42.0,82.0
9151,42.0,82.0
9152,42.0,82.0
9153,42.0,82.0
9154,42.0,82.0
9155,42.0,82.0
9156,42.0,82.0
9157,42.0,82.0
9158,42.0,82.0
9159,42.0,82.0
9160,42.0,82.0
9161,42.0,82.0
9162,42.0,82.0
9163,42.0,82.0
9164,42.0,82.0
9165,42.0,82.0
9166,42.0,82.0
9167,42.0,82.0
9168,42.0,82.0
9169,42.0,82.0
9170,42.0,82.0
9171,42.0,82.0
9172,42.0,82.0
9173,42.0,82.0
9174,42.0,82.0
9175,42.0,82.0
9176,42.0,82.0
9177,42.0,82.0
9178,42.0,82.0
9179,42.0,82.0
9180,42.0,82.0
9181,42.0,82.0
9182,42.0,82.0
9183,42.0,82.0
9206,42.0,82.0
9260,42.0,82.0
9310,42.0,82.0
9311,42.0,82.0
9312,42.0,82.0
9313,42.0,82.0
9314,42.0,82.0
9315,42.0,82.0
9316,42.0,82.0
9317,42.0,82.0
9318,42.0,82.0
9319,42.0,82.0
9320,42.0,82.0
9321,42.0,82.0
9322,42.0,82.0
9323,42.0,82.0
9324,42.0,82.0
9325,42.0,82.0
9326,42.0,82.0
9339,42.0,82.0
9340,42.0,82.0
9341,42.0,82.0
9342,42.0,82.0
9343,42.0,82.0
9344,42.0,82.0
9406,42.0,82.0
9407,42.0,82.0
9408,42.0,82.0
9409,42.0,82.0
9410,42.0,82.0
9435,42.0,82.0
9531,42.0,82.0
9576,42.0,82.0
9577,42.0,82.0
9578,42.0,82.0
9579,42.0,82.0
9580,42.0,82.0
9581,42.0,82.0
9582,42.0,82.0
9583,42.0,82.0
9584,42.0,82.0
9636,42.0,82.0
9637,42.0,82.0
9638,42.0,82.0
9639,42.0,82.0
9640,42.0,82.0
9656,42.0,82.0
9657,42.0,82.0
9658,42.0,82.0
9659,42.0,82.0
9660,42.0,82.0
9661,42.0,82.0
9662,42.0,82.0
9735,42.0,82.0
9784,42.0,82.0
9785,42.0,82.0
9786,42.0,82.0
9787,42.0,82.0
9788,42.0,82.0
9789,42.0,82.0
9790,42.0,82.0
9791,42.0,82.0
9792,42.0,82.0
9793,42.0,82.0
9794,42.0,82.0
9795,42.0,82.0
9796,42.0,82.0
9797,42.0,82.0
9798,42.0,82.0
9799,42.0,82.0
9800,42.0,82.0
9801,42.0,82.0
9802,42.0,82.0
9803,42.0,82.0
9804,42.0,82.0
9805,42.0,82.0
9806,42.0,82.0
9807,42.0,82.0
9808,42.0,82.0
9809,42.0,82.0
9810,42.0,82.0
9821,42.0,82.0
9828,42.0,82.0
9829,42.0,82.0
9830,42.0,82.0
9831,42.0,82.0
9832,42.0,82.0
9855,42.0,82.0
9856,42.0,82.0
9857,42.0,82.0
9858,42.0,82.0
9957,42.0,82.0
9958,42.0,82.0
9959,42.0,82.0
9960,42.0,82.0
9961,42.0,82.0
9962,42.0,82.0
9963,42.0,82.0
9964,42.0,82.0
9965,42.0,82.0
9966,42.0,82.0
9967,42.0,82.0
9968,42.0,82.0
9969,42.0,82.0
9970,42.0,82.0
9971,42.0,82.0
9989,42.0,82.0
9990,42.0,82.0
10019,42.0,82.0
10020,42.0,82.0
10021,42.0,82.0
10022,42.0,82.0
10023,42.0,82.0
10024,42.0,82.0
10025,42.0,82.0
10026,42.0,82.0
10080,42.0,82.0
10081,42.0,82.0
10082,42.0,82.0
10083,42.0,82.0
10084,42.0,82.0
10085,42.0,82.0
10086,42.0,82.0
10087,42.0,82.0
10088,42.0,82.0
10089,42.0,82.0
10090,42.0,82.0
10091,42.0,82.0
10111,42.0,82.0
10112,42.0,82.0
10113,42.0,82.0
10114,42.0,82.0
10115,42.0,82.0
10116,42.0,82.0
10117,42.0,82.0
10118,42.0,82.0
10119,42.0,82.0
10219,42.0,82.0
10235,42.0,82.0
10236,42.0,82.0
10237,42.0,82.0
10238,42.0,82.0
10239,42.0,82.0
10240,42.0,82.0
10241,42.0,82.0
10242,42.0,82.0
10243,42.0,82.0
10270,42.0,82.0
10271,42.0,82.0
10272,42.0,82.0
10273,42.0,82.0
10274,42.0,82.0
10275,42.0,82.0
10276,42.0,82.0
10277,42.0,82.0
10278,42.0,82.0
10279,42.0,82.0
10282,42.0,82.0
10283,42.0,82.0
10284,42.0,82.0
10294,42.0,82.0
10295,42.0,82.0
10296,42.0,82.0
10297,42.0,82.0
10298,42.0,82.0
10299,42.0,82.0
10300,42.0,82.0
10301,42.0,82.0
10302,42.0,82.0
10303,42.0,82.0
10304,42.0,82.0
10305,42.0,82.0
10306,42.0,82.0
10307,42.0,82.0
10308,42.0,82.0
10316,42.0,82.0
10376,42.0,82.0
10377,42.0,82.0
10378,42.0,82.0
10379,42.0,82.0
10388,42.0,82.0
10389,42.0,82.0
10390,42.0,82.0
10391,42.0,82.0
10392,42.0,82.0
10393,42.0,82.0
10435,42.0,82.0
10436,42.0,82.0
10437,42.0,82.0
10438,42.0,82.0
10498,42.0,82.0
10499,42.0,82.0
10554,42.0,82.0
10555,42.0,82.0
10556,42.0,82.0
10557,42.0,82.0
10558,42.0,82.0
10559,42.0,82.0
10561,42.0,82.0
10562,42.0,82.0
10563,42.0,82.0
10564,42.0,82.0
10565,42.0,82.0
10602,42.0,82.0
10603,42.0,82.0
10604,42.0,82.0
10605,42.0,82.0
10606,42.0,82.0
10607,42.0,82.0
10608,42.0,82.0
10609,42.0,82.0
10610,42.0,82.0
10611,42.0,82.0
10623,42.0,82.0
10624,42.0,82.0
10625,42.0,82.0
10626,42.0,82.0
10627,42.0,82.0
10628,42.0,82.0
10629,42.0,82.0
10630,42.0,82.0
10631,42.0,82.0
10632,42.0,82.0
10633,42.0,82.0
10634,42.0,82.0
10635,42.0,82.0
10668,42.0,82.0
10669,42.0,82.0
10670,42.0,82.0
10671,42.0,82.0
10672,42.0,82.0
10673,42.0,82.0
10674,42.0,82.0
10675,42.0,82.0
10699,42.0,82.0
10742,42.0,82.0
10771,42.0,82.0
10783,42.0,82.0
10784,42.0,82.0
10800,42.0,82.0
10801,42.0,82.0
10831,42.0,82.0
10832,42.0,82.0
10833,42.0,82.0
10853,42.0,82.0
10854,42.0,82.0
10855,42.0,82.0
10856,42.0,82.0
10857,42.0,82.0
10858,42.0,82.0
10859,42.0,82.0
10860,42.0,82.0
10861,42.0,82.0
10862,42.0,82.0
10863,42.0,82.0
10864,42.0,82.0
10865,42.0,82.0
10866,42.0,82.0
10867,42.0,82.0
10868,42.0,82.0
10869,42.0,82.0
10870,42.0,82.0
10871,42.0,82.0
10872,42.0,82.0
10873,42.0,82.0
10882,42.0,82.0
10883,42.0,82.0
10884,42.0,82.0
10885,42.0,82.0
10886,42.0,82.0
11009,42.0,82.0
11010,42.0,82.0
11011,42.0,82.0
11014,42.0,82.0
11015,42.0,82.0
11016,42.0,82.0
11017,42.0,82.0
11018,42.0,82.0
11034,42.0,82.0
11035,42.0,82.0
11036,42.0,82.0
11037,42.0,82.0
11038,42.0,82.0
11039,42.0,82.0
11040,42.0,82.0
11041,42.0,82.0
11042,42.0,82.0
11043,42.0,82.0
11081,42.0,82.0
11082,42.0,82.0
11083,42.0,82.0
11084,42.0,82.0
11086,42.0,82.0
11087,42.0,82.0
11098,42.0,82.0
11099,42.0,82.0
11100,42.0,82.0
11101,42.0,82.0
11102,42.0,82.0
11103,42.0,82.0
11104,42.0,82.0
11105,42.0,82.0
11106,42.0,82.0
11107,42.0,82.0
11108,42.0,82.0
11109,42.0,82.0
11110,42.0,82.0
11111,42.0,82.0
11112,42.0,82.0
11113,42.0,82.0
11114,42.0,82.0
11115,42.0,82.0
11116,42.0,82.0
11158,42.0,82.0
11159,42.0,82.0
11200,42.0,82.0
11201,42.0,82.0
11202,42.0,82.0
11203,42.0,82.0
11204,42.0,82.0
11205,42.0,82.0
11213,42.0,82.0
11214,42.0,82.0
11215,42.0,82.0
11222,42.0,82.0
11280,42.0,82.0
11281,42.0,82.0
11324,42.0,82.0
11325,42.0,82.0
11326,42.0,82.0
11327,42.0,82.0
11328,42.0,82.0
11329,42.0,82.0
11330,42.0,82.0
11331,42.0,82.0
11332,42.0,82.0
11333,42.0,82.0
11334,42.0,82.0
11335,42.0,82.0
11336,42.0,82.0
11337,42.0,82.0
11338,42.0,82.0
11339,42.0,82.0
11340,42.0,82.0
11341,42.0,82.0
11342,42.0,82.0
11343,42.0,82.0
11344,42.0,82.0
11345,42.0,82.0
11346,42.0,82.0
11347,42.0,82.0
11348,42.0,82.0
11349,42.0,82.0
11350,42.0,82.0
11351,42.0,82.0
11352,42.0,82.0
11353,42.0,82.0
11354,42.0,82.0
11355,42.0,82.0
11356,42.0,82.0
11357,42.0,82.0
11358,42.0,82.0
11359,42.0,82.0
11360,42.0,82.0
11361,42.0,82.0
11362,42.0,82.0
11363,42.0,82.0
11364,42.0,82.0
11365,42.0,82.0
11366,42.0,82.0
11367,42.0,82.0
11368,42.0,82.0
11369,42.0,82.0
11370,42.0,82.0
11371,42.0,82.0
11372,42.0,82.0
11439,42.0,82.0
11440,42.0,82.0
11441,42.0,82.0
11442,42.0,82.0
11443,42.0,82.0
11444,42.0,82.0
11445,42.0,82.0
11446,42.0,82.0
11447,42.0,82.0
11448,42.0,82.0
11449,42.0,82.0
11450,42.0,82.0
11451,42.0,82.0
11452,42.0,82.0
11453,42.0,82.0
11454,42.0,82.0
11455,42.0,82.0
11456,42.0,82.0
11457,42.0,82.0
11458,42.0,82.0
11459,42.0,82.0
11460,42.0,82.0
11461,42.0,82.0
11462,42.0,82.0
11463,42.0,82.0
11464,42.0,82.0
11465,42.0,82.0
11466,42.0,82.0
11467,42.0,82.0
11468,42.0,82.0
11471,42.0,82.0
11472,42.0,82.0
11473,42.0,82.0
11474,42.0,82.0
11475,42.0,82.0
11476,42.0,82.0
11477,42.0,82.0
11478,42.0,82.0
11479,42.0,82.0
11549,42.0,82.0
11552,42.0,82.0
11553,42.0,82.0
11554,42.0,82.0
11555,42.0,82.0
11556,42.0,82.0
11557,42.0,82.0
11558,42.0,82.0
11559,42.0,82.0
11560,42.0,82.0
11561,42.0,82.0
11562,42.0,82.0
11563,42.0,82.0
11564,42.0,82.0
11565,42.0,82.0
11566,42.0,82.0
11567,42.0,82.0
11568,42.0,82.0
11569,42.0,82.0
11570,42.0,82.0
11571,42.0,82.0
11572,42.0,82.0
11573,42.0,82.0
11574,42.0,82.0
11575,42.0,82.0
11679,42.0,82.0
11680,42.0,82.0
11681,42.0,82.0
11682,42.0,82.0
11685,42.0,82.0
11686,42.0,82.0
11731,42.0,82.0
11732,42.0,82.0
11733,42.0,82.0
11734,42.0,82.0
11735,42.0,82.0
11736,42.0,82.0
11737,42.0,82.0
11738,42.0,82.0
11867,42.0,82.0
11868,42.0,82.0
11869,42.0,82.0
11872,42.0,82.0
11873,42.0,82.0
11876,42.0,82.0
11966,42.0,82.0
11967,42.0,82.0
11968,42.0,82.0
11969,42.0,82.0
11970,42.0,82.0
11971,42.0,82.0
11972,42.0,82.0
11973,42.0,82.0
11974,42.0,82.0
12016,42.0,82.0
12017,42.0,82.0
12018,42.0,82.0
12019,42.0,82.0
12020,42.0,82.0
12021,42.0,82.0
12022,42.0,82.0
12023,42.0,82.0
12024,42.0,82.0
12025,42.0,82.0
12026,42.0,82.0
12027,42.0,82.0
12055,42.0,82.0
12056,42.0,82.0
12057,42.0,82.0
12058,42.0,82.0
12059,42.0,82.0
12060,42.0,82.0
12061,42.0,82.0
12062,42.0,82.0
12063,42.0,82.0
12064,42.0,82.0
12065,42.0,82.0
12066,42.0,82.0
12067,42.0,82.0
12068,42.0,82.0
12069,42.0,82.0
12070,42.0,82.0
12092,42.0,82.0
12093,42.0,82.0
12094,42.0,82.0
12095,42.0,82.0
12096,42.0,82.0
12097,42.0,82.0
12098,42.0,82.0
12099,42.0,82.0
12100,42.0,82.0
12101,42.0,82.0
12102,42.0,82.0
12103,42.0,82.0
12161,42.0,82.0
12162,42.0,82.0
12163,42.0,82.0
12164,42.0,82.0
12165,42.0,82.0
12166,42.0,82.0
12203,42.0,82.0
12204,42.0,82.0
12205,42.0,82.0
12206,42.0,82.0
12207,42.0,82.0
12208,42.0,82.0
12209,42.0,82.0
12210,42.0,82.0
12211,42.0,82.0
12212,42.0,82.0
12213,42.0,82.0
12214,42.0,82.0
12215,42.0,82.0
12216,42.0,82.0
12217,42.0,82.0
12218,42.0,82.0
12219,42.0,82.0
12220,42.0,82.0
12221,42.0,82.0
12222,42.0,82.0
12223,42.0,82.0
12224,42.0,82.0
12225,42.0,82.0
12226,42.0,82.0
12227,42.0,82.0
12228,42.0,82.0
12229,42.0,82.0
12230,42.0,82.0
12231,42.0,82.0
12232,42.0,82.0
12233,42.0,82.0
12234,42.0,82.0
12235,42.0,82.0
12236,42.0,82.0
12237,42.0,82.0
12238,42.0,82.0
12239,42.0,82.0
12240,42.0,82.0
12241,42.0,82.0
12242,42.0,82.0
12243,42.0,82.0
12244,42.0,82.0
12245,42.0,82.0
12246,42.0,82.0
12247,42.0,82.0
12248,42.0,82.0
12249,42.0,82.0
12250,42.0,82.0
12251,42.0,82.0
12252,42.0,82.0
12253,42.0,82.0
12254,42.0,82.0
12255,42.0,82.0
12256,42.0,82.0
12257,42.0,82.0
12258,42.0,82.0
12259,42.0,82.0
12260,42.0,82.0
12261,42.0,82.0
12262,42.0,82.0
12263,42.0,82.0
12264,42.0,82.0
12265,42.0,82.0
12266,42.0,82.0
12267,42.0,82.0
12268,42.0,82.0
12269,42.0,82.0
12273,42.0,82.0
12274,42.0,82.0
12275,42.0,82.0
12276,42.0,82.0
12277,42.0,82.0
12289,42.0,82.0
12290,42.0,82.0
12309,42.0,82.0
12310,42.0,82.0
12311,42.0,82.0
12312,42.0,82.0
12313,42.0,82.0
12347,42.0,82.0
12348,42.0,82.0
12349,42.0,82.0
12350,42.0,82.0
12351,42.0,82.0
12352,42.0,82.0
12353,42.0,82.0
12372,42.0,82.0
12384,42.0,82.0
12385,42.0,82.0
12386,42.0,82.0
12387,42.0,82.0
12388,42.0,82.0
12389,42.0,82.0
12435,42.0,82.0
12436,42.0,82.0
12437,42.0,82.0
12438,42.0,82.0
12439,42.0,82.0
12440,42.0,82.0
12441,42.0,82.0
12442,42.0,82.0
12443,42.0,82.0
12444,42.0,82.0
12445,42.0,82.0
12446,42.0,82.0
12447,42.0,82.0
12448,42.0,82.0
12449,42.0,82.0
12450,42.0,82.0
12451,42.0,82.0
12452,42.0,82.0
12523,42.0,82.0
12566,42.0,82.0
12567,42.0,82.0
12568,42.0,82.0
12569,42.0,82.0
12570,42.0,82.0
12571,42.0,82.0
12577,42.0,82.0
12578,42.0,82.0
12636,42.0,82.0
12637,42.0,82.0
12638,42.0,82.0
12639,42.0,82.0
12640,42.0,82.0
12641,42.0,82.0
12642,42.0,82.0
12643,42.0,82.0
12644,42.0,82.0
12645,42.0,82.0
12646,42.0,82.0
12647,42.0,82.0
12648,42.0,82.0
12649,42.0,82.0
12650,42.0,82.0
12651,42.0,82.0
12652,42.0,82.0
12653,42.0,82.0
12654,42.0,82.0
12655,42.0,82.0
12656,42.0,82.0
12657,42.0,82.0
12658,42.0,82.0
12659,42.0,82.0
12660,42.0,82.0
12661,42.0,82.0
12662,42.0,82.0
12663,42.0,82.0
12664,42.0,82.0
12665,42.0,82.0
12666,42.0,82.0
12667,42.0,82.0
12668,42.0,82.0
12669,42.0,82.0
12670,42.0,82.0
12671,42.0,82.0
12672,42.0,82.0
12673,42.0,82.0
12674,42.0,82.0
12675,42.0,82.0
12676,42.0,82.0
12677,42.0,82.0
12678,42.0,82.0
12679,42.0,82.0
12680,42.0,82.0
12681,42.0,82.0
12682,42.0,82.0
12683,42.0,82.0
12684,42.0,82.0
12685,42.0,82.0
12686,42.0,82.0
12687,42.0,82.0
12688,42.0,82.0
12689,42.0,82.0
12690,42.0,82.0
12691,42.0,82.0
12692,42.0,82.0
12693,42.0,82.0
12694,42.0,82.0
12695,42.0,82.0
12696,42.0,82.0
12736,42.0,82.0
12737,42.0,82.0
12738,42.0,82.0
12739,42.0,82.0
12740,42.0,82.0
12741,42.0,82.0
12742,42.0,82.0
12743,42.0,82.0
12744,42.0,82.0
12745,42.0,82.0
12746,42.0,82.0
12769,42.0,82.0
12770,42.0,82.0
12771,42.0,82.0
12772,42.0,82.0
12773,42.0,82.0
13025,42.0,82.0
13026,42.0,82.0
13044,42.0,82.0
13045,42.0,82.0
13046,42.0,82.0
13047,42.0,82.0
13048,42.0,82.0
13049,42.0,82.0
13050,42.0,82.0
13051,42.0,82.0
13052,42.0,82.0
13053,42.0,82.0
13054,42.0,82.0
13055,42.0,82.0
13056,42.0,82.0
13057,42.0,82.0
13058,42.0,82.0
13059,42.0,82.0
13060,42.0,82.0
13061,42.0,82.0
13062,42.0,82.0
13063,42.0,82.0
13064,42.0,82.0
13065,42.0,82.0
13142,42.0,82.0
13143,42.0,82.0
13162,42.0,82.0
13163,42.0,82.0
13164,42.0,82.0
13165,42.0,82.0
13166,42.0,82.0
13167,42.0,82.0
13168,42.0,82.0
13169,42.0,82.0
13170,42.0,82.0
13171,42.0,82.0
13172,42.0,82.0
13173,42.0,82.0
13174,42.0,82.0
13175,42.0,82.0
13176,42.0,82.0
13177,42.0,82.0
13178,42.0,82.0
13179,42.0,82.0
13180,42.0,82.0
13181,42.0,82.0
13182,42.0,82.0
13183,42.0,82.0
13184,42.0,82.0
13185,42.0,82.0
13186,42.0,82.0
13187,42.0,82.0
13188,42.0,82.0
13189,42.0,82.0
13190,42.0,82.0
13191,42.0,82.0
13192,42.0,82.0
13196,42.0,82.0
13197,42.0,82.0
13198,42.0,82.0
13199,42.0,82.0
13200,42.0,82.0
13201,42.0,82.0
13202,42.0,82.0
13228,42.0,82.0
13242,42.0,82.0
13243,42.0,82.0
13244,42.0,82.0
13245,42.0,82.0
13246,42.0,82.0
13247,42.0,82.0
13248,42.0,82.0
13249,42.0,82.0
13250,42.0,82.0
13251,42.0,82.0
13252,42.0,82.0
13253,42.0,82.0
13254,42.0,82.0
13255,42.0,82.0
13256,42.0,82.0
13257,42.0,82.0
13258,42.0,82.0
13259,42.0,82.0
13260,42.0,82.0
13261,42.0,82.0
13262,42.0,82.0
13263,42.0,82.0
13264,42.0,82.0
13265,42.0,82.0
13266,42.0,82.0
13267,42.0,82.0
13268,42.0,82.0
13269,42.0,82.0
13270,42.0,82.0
13271,42.0,82.0
13272,42.0,82.0
13273,42.0,82.0
13274,42.0,82.0
13275,42.0,82.0
13295,42.0,82.0
13296,42.0,82.0
13297,42.0,82.0
13298,42.0,82.0
13299,42.0,82.0
13300,42.0,82.0
13301,42.0,82.0
13307,42.0,82.0
13308,42.0,82.0
13309,42.0,82.0
13310,42.0,82.0
13431,42.0,82.0
13432,42.0,82.0
13433,42.0,82.0
13434,42.0,82.0
13435,42.0,82.0
13436,42.0,82.0
13437,42.0,82.0
13438,42.0,82.0
13439,42.0,82.0
13440,42.0,82.0
13501,42.0,82.0
13502,42.0,82.0
13503,42.0,82.0
13504,42.0,82.0
13505,42.0,82.0
13519,42.0,82.0
13520,42.0,82.0
13521,42.0,82.0
13523,42.0,82.0
13524,42.0,82.0
13525,42.0,82.0
13722,42.0,82.0
13723,42.0,82.0
13724,42.0,82.0
13725,42.0,82.0
13726,42.0,82.0
13727,42.0,82.0
13728,42.0,82.0
13729,42.0,82.0
13730,42.0,82.0
13731,42.0,82.0
13732,42.0,82.0
13733,42.0,82.0
13734,42.0,82.0
13735,42.0,82.0
13736,42.0,82.0
13737,42.0,82.0
13738,42.0,82.0
13739,42.0,82.0
13740,42.0,82.0
13741,42.0,82.0
13742,42.0,82.0
13743,42.0,82.0
13744,42.0,82.0
13745,42.0,82.0
13746,42.0,82.0
13747,42.0,82.0
13748,42.0,82.0
13749,42.0,82.0
13750,42.0,82.0
13751,42.0,82.0
13752,42.0,82.0
13753,42.0,82.0
13754,42.0,82.0
13776,42.0,82.0
13777,42.0,82.0
13788,42.0,82.0
13789,42.0,82.0
13790,42.0,82.0
13791,42.0,82.0
13792,42.0,82.0
13793,42.0,82.0
13844,42.0,82.0
13895,42.0,82.0
13896,42.0,82.0
13897,42.0,82.0
13903,42.0,82.0
13904,42.0,82.0
13905,42.0,82.0
13906,42.0,82.0
13907,42.0,82.0
13908,42.0,82.0
13909,42.0,82.0
13910,42.0,82.0
13911,42.0,82.0
13912,42.0,82.0
13913,42.0,82.0
13914,42.0,82.0
13915,42.0,82.0
13916,42.0,82.0
13917,42.0,82.0
13918,42.0,82.0
13919,42.0,82.0
13920,42.0,82.0
13930,42.0,82.0
13931,42.0,82.0
13932,42.0,82.0
13933,42.0,82.0
13934,42.0,82.0
13935,42.0,82.0
13936,42.0,82.0
13937,42.0,82.0
13938,42.0,82.0
13939,42.0,82.0
13940,42.0,82.0
14122,42.0,82.0
14123,42.0,82.0
14124,42.0,82.0
14125,42.0,82.0
14126,42.0,82.0
14127,42.0,82.0
14128,42.0,82.0
14177,42.0,82.0
14178,42.0,82.0
14179,42.0,82.0
14180,42.0,82.0
14181,42.0,82.0
14182,42.0,82.0
14236,42.0,82.0
14237,42.0,82.0
14238,42.0,82.0
14239,42.0,82.0
14240,42.0,82.0
14241,42.0,82.0
14249,42.0,82.0
14250,42.0,82.0
14251,42.0,82.0
14304,42.0,82.0
14305,42.0,82.0
14306,42.0,82.0
14307,42.0,82.0
14335,42.0,82.0
14336,42.0,82.0
14337,42.0,82.0
14338,42.0,82.0
14339,42.0,82.0
14340,42.0,82.0
14341,42.0,82.0
14342,42.0,82.0
14343,42.0,82.0
14344,42.0,82.0
14401,42.0,82.0
14402,42.0,82.0
14403,42.0,82.0
14454,42.0,82.0
14455,42.0,82.0
14456,42.0,82.0
14457,42.0,82.0
14509,42.0,82.0
14510,42.0,82.0
14511,42.0,82.0
14512,42.0,82.0
14513,42.0,82.0
14514,42.0,82.0
14515,42.0,82.0
14519,42.0,82.0
14540,42.0,82.0
14541,42.0,82.0
14542,42.0,82.0
14543,42.0,82.0
14550,42.0,82.0
14551,42.0,82.0
14552,42.0,82.0
14553,42.0,82.0
14554,42.0,82.0
14555,42.0,82.0
14556,42.0,82.0
14557,42.0,82.0
14558,42.0,82.0
14559,42.0,82.0
14560,42.0,82.0
14561,42.0,82.0
14562,42.0,82.0
14563,42.0,82.0
14564,42.0,82.0
14565,42.0,82.0
14566,42.0,82.0
14567,42.0,82.0
14568,42.0,82.0
14569,42.0,82.0
14570,42.0,82.0
14571,42.0,82.0
14572,42.0,82.0
14573,42.0,82.0
14574,42.0,82.0
14575,42.0,82.0
14576,42.0,82.0
14577,42.0,82.0
14578,42.0,82.0
14579,42.0,82.0
14580,42.0,82.0
14581,42.0,82.0
14582,42.0,82.0
14583,42.0,82.0
14584,42.0,82.0
14585,42.0,82.0
14586,42.0,82.0
14617,42.0,82.0
14618,42.0,82.0
14619,42.0,82.0
14683,42.0,82.0
14684,42.0,82.0
14685,42.0,82.0
14686,42.0,82.0
14687,42.0,82.0
14688,42.0,82.0
14689,42.0,82.0
14718,42.0,82.0
14719,42.0,82.0
14720,42.0,82.0
14721,42.0,82.0
14722,42.0,82.0
14723,42.0,82.0
14724,42.0,82.0
14725,42.0,82.0
14749,42.0,82.0
14788,42.0,82.0
14789,42.0,82.0
14790,42.0,82.0
14791,42.0,82.0
14792,42.0,82.0
14793,42.0,82.0
14794,42.0,82.0
14795,42.0,82.0
14796,42.0,82.0
14797,42.0,82.0
14798,42.0,82.0
14799,42.0,82.0
14800,42.0,82.0
14888,42.0,82.0
14889,42.0,82.0
14890,42.0,82.0
14891,42.0,82.0
14892,42.0,82.0
14893,42.0,82.0
14894,42.0,82.0
14895,42.0,82.0
14896,42.0,82.0
14940,42.0,82.0
14941,42.0,82.0
14942,42.0,82.0
14943,42.0,82.0
14946,42.0,82.0
14947,42.0,82.0
14948,42.0,82.0
14949,42.0,82.0
14950,42.0,82.0
14951,42.0,82.0
14952,42.0,82.0
14953,42.0,82.0
14954,42.0,82.0
14955,42.0,82.0
14956,42.0,82.0
14957,42.0,82.0
14958,42.0,82.0
14959,42.0,82.0
14960,42.0,82.0
14961,42.0,82.0
14962,42.0,82.0
14963,42.0,82.0
14964,42.0,82.0
14965,42.0,82.0
14985,42.0,82.0
14986,42.0,82.0
14987,42.0,82.0
14988,42.0,82.0
14989,42.0,82.0
14990,42.0,82.0
14991,42.0,82.0
14992,42.0,82.0
14993,42.0,82.0
15015,42.0,82.0
15016,42.0,82.0
15017,42.0,82.0
15018,42.0,82.0
15019,42.0,82.0
15020,42.0,82.0
15021,42.0,82.0
15022,42.0,82.0
15023,42.0,82.0
15024,42.0,82.0
15073,42.0,82.0
15074,42.0,82.0
15075,42.0,82.0
15076,42.0,82.0
15077,42.0,82.0
15078,42.0,82.0
15079,42.0,82.0
15080,42.0,82.0
15081,42.0,82.0
15082,42.0,82.0
15083,42.0,82.0
15084,42.0,82.0
15085,42.0,82.0
15086,42.0,82.0
15087,42.0,82.0
15088,42.0,82.0
15089,42.0,82.0
15090,42.0,82.0
15091,42.0,82.0
15092,42.0,82.0
15093,42.0,82.0
15094,42.0,82.0
15095,42.0,82.0
15096,42.0,82.0
15097,42.0,82.0
15098,42.0,82.0
15099,42.0,82.0
15100,42.0,82.0
15101,42.0,82.0
15102,42.0,82.0
15103,42.0,82.0
15104,42.0,82.0
15105,42.0,82.0
15106,42.0,82.0
15107,42.0,82.0
15108,42.0,82.0
15109,42.0,82.0
15110,42.0,82.0
15111,42.0,82.0
15112,42.0,82.0
15113,42.0,82.0
15114,42.0,82.0
15115,42.0,82.0
15116,42.0,82.0
15117,42.0,82.0
15118,42.0,82.0
15119,42.0,82.0
15120,42.0,82.0
15121,42.0,82.0
15122,42.0,82.0
15123,42.0,82.0
15124,42.0,82.0
15125,42.0,82.0
15126,42.0,82.0
15127,42.0,82.0
15128,42.0,82.0
15129,42.0,82.0
15130,42.0,82.0
15131,42.0,82.0
15132,42.0,82.0
15133,42.0,82.0
15134,42.0,82.0
15135,42.0,82.0
15136,42.0,82.0
15137,42.0,82.0
15138,42.0,82.0
15139,42.0,82.0
15140,42.0,82.0
15141,42.0,82.0
15142,42.0,82.0
15143,42.0,82.0
15144,42.0,82.0
15145,42.0,82.0
15146,42.0,82.0
15147,42.0,82.0
15154,42.0,82.0
15155,42.0,82.0
15156,42.0,82.0
15157,42.0,82.0
15165,42.0,82.0
15372,42.0,82.0
15373,42.0,82.0
15374,42.0,82.0
15375,42.0,82.0
15376,42.0,82.0
15377,42.0,82.0
15378,42.0,82.0
15379,42.0,82.0
15380,42.0,82.0
15381,42.0,82.0
15382,42.0,82.0
15490,42.0,82.0
15491,42.0,82.0
15492,42.0,82.0
15493,42.0,82.0
15494,42.0,82.0
15495,42.0,82.0
15496,42.0,82.0
15497,42.0,82.0
15498,42.0,82.0
15499,42.0,82.0
15507,42.0,82.0
15617,42.0,82.0
15618,42.0,82.0
15642,42.0,82.0
15643,42.0,82.0
15644,42.0,82.0
15645,42.0,82.0
15646,42.0,82.0
15648,42.0,82.0
15649,42.0,82.0
15650,42.0,82.0
15651,42.0,82.0
15652,42.0,82.0
15653,42.0,82.0
15654,42.0,82.0
15655,42.0,82.0
15656,42.0,82.0
15657,42.0,82.0
15658,42.0,82.0
15659,42.0,82.0
15660,42.0,82.0
15661,42.0,82.0
15711,42.0,82.0
15712,42.0,82.0
15721,42.0,82.0
15722,42.0,82.0
15765,42.0,82.0
15766,42.0,82.0
15767,42.0,82.0
15768,42.0,82.0
15769,42.0,82.0
15770,42.0,82.0
15771,42.0,82.0
15772,42.0,82.0
15773,42.0,82.0
15774,42.0,82.0
15775,42.0,82.0
15776,42.0,82.0
15777,42.0,82.0
15778,42.0,82.0
15780,42.0,82.0
15781,42.0,82.0
15782,42.0,82.0
15783,42.0,82.0
15797,42.0,82.0
15798,42.0,82.0
15799,42.0,82.0
15800,42.0,82.0
15801,42.0,82.0
15802,42.0,82.0
15803,42.0,82.0
15804,42.0,82.0
15833,42.0,82.0
15834,42.0,82.0
15835,42.0,82.0
15836,42.0,82.0
15910,42.0,82.0
15911,42.0,82.0
15912,42.0,82.0
15913,42.0,82.0
16010,42.0,82.0
16011,42.0,82.0
16051,42.0,82.0
16052,42.0,82.0
16053,42.0,82.0
16054,42.0,82.0
16129,42.0,82.0
16130,42.0,82.0
16131,42.0,82.0
16132,42.0,82.0
16133,42.0,82.0
16134,42.0,82.0
16135,42.0,82.0
16136,42.0,82.0
16137,42.0,82.0
16138,42.0,82.0
16139,42.0,82.0
16140,42.0,82.0
16141,42.0,82.0
16142,42.0,82.0
16143,42.0,82.0
16144,42.0,82.0
16257,42.0,82.0
16258,42.0,82.0
16259,42.0,82.0
16306,42.0,82.0
16307,42.0,82.0
16308,42.0,82.0
16309,42.0,82.0
16310,42.0,82.0
16385,42.0,82.0
16440,42.0,82.0
16441,42.0,82.0
16442,42.0,82.0
16443,42.0,82.0
16444,42.0,82.0
16493,42.0,82.0
16494,42.0,82.0
16495,42.0,82.0
16496,42.0,82.0
16526,42.0,82.0
16527,42.0,82.0
16528,42.0,82.0
16541,42.0,82.0
16542,42.0,82.0
16543,42.0,82.0
16544,42.0,82.0
16545,42.0,82.0
16588,42.0,82.0
16589,42.0,82.0
16590,42.0,82.0
16591,42.0,82.0
16614,42.0,82.0
16615,42.0,82.0
16616,42.0,82.0
16617,42.0,82.0
16618,42.0,82.0
16619,42.0,82.0
16620,42.0,82.0
16621,42.0,82.0
16622,42.0,82.0
16645,42.0,82.0
16646,42.0,82.0
16647,42.0,82.0
16668,42.0,82.0
16669,42.0,82.0
16670,42.0,82.0
16671,42.0,82.0
16672,42.0,82.0
16673,42.0,82.0
16725,42.0,82.0
16726,42.0,82.0
16727,42.0,82.0
16740,42.0,82.0
16741,42.0,82.0
16742,42.0,82.0
16766,42.0,82.0
16767,42.0,82.0
16768,42.0,82.0
16769,42.0,82.0
16782,42.0,82.0
16798,42.0,82.0
16799,42.0,82.0
16800,42.0,82.0
16801,42.0,82.0
16802,42.0,82.0
16803,42.0,82.0
16804,42.0,82.0
16805,42.0,82.0
16806,42.0,82.0
16807,42.0,82.0
16808,42.0,82.0
16809,42.0,82.0
16810,42.0,82.0
16811,42.0,82.0
16812,42.0,82.0
16813,42.0,82.0
16814,42.0,82.0
16815,42.0,82.0
16816,42.0,82.0
16817,42.0,82.0
16868,42.0,82.0
16908,42.0,82.0
16909,42.0,82.0
16910,42.0,82.0
16911,42.0,82.0
16912,42.0,82.0
16913,42.0,82.0
16914,42.0,82.0
16915,42.0,82.0
16916,42.0,82.0
16917,42.0,82.0
16918,42.0,82.0
16919,42.0,82.0
16920,42.0,82.0
16921,42.0,82.0
16922,42.0,82.0
16923,42.0,82.0
16943,42.0,82.0
16944,42.0,82.0
16945,42.0,82.0
16990,42.0,82.0
16991,42.0,82.0
16992,42.0,82.0
16993,42.0,82.0
16994,42.0,82.0
16995,42.0,82.0
16996,42.0,82.0
16997,42.0,82.0
16998,42.0,82.0
16999,42.0,82.0
17000,42.0,82.0
17001,42.0,82.0
17002,42.0,82.0
17003,42.0,82.0
17004,42.0,82.0
17005,42.0,82.0
17006,42.0,82.0
17007,42.0,82.0
17008,42.0,82.0
17086,42.0,82.0
17087,42.0,82.0
17088,42.0,82.0
17089,42.0,82.0
17090,42.0,82.0
17091,42.0,82.0
17092,42.0,82.0
17093,42.0,82.0
17094,42.0,82.0
17095,42.0,82.0
17096,42.0,82.0
17097,42.0,82.0
17098,42.0,82.0
17099,42.0,82.0
17100,42.0,82.0
17101,42.0,82.0
17102,42.0,82.0
17103,42.0,82.0
17104,42.0,82.0
17105,42.0,82.0
17106,42.0,82.0
17107,42.0,82.0
17108,42.0,82.0
17109,42.0,82.0
17110,42.0,82.0
17111,42.0,82.0
17112,42.0,82.0
17113,42.0,82.0
17114,42.0,82.0
17115,42.0,82.0
17116,42.0,82.0
17117,42.0,82.0
17118,42.0,82.0
17119,42.0,82.0
17120,42.0,82.0
17121,42.0,82.0
17122,42.0,82.0
17123,42.0,82.0
17124,42.0,82.0
17125,42.0,82.0
17126,42.0,82.0
17127,42.0,82.0
17128,42.0,82.0
17129,42.0,82.0
17130,42.0,82.0
17131,42.0,82.0
17132,42.0,82.0
17133,42.0,82.0
17134,42.0,82.0
17135,42.0,82.0
17136,42.0,82.0
17137,42.0,82.0
17138,42.0,82.0
17139,42.0,82.0
17140,42.0,82.0
17141,42.0,82.0
17142,42.0,82.0
17143,42.0,82.0
17144,42.0,82.0
17145,42.0,82.0
17146,42.0,82.0
17147,42.0,82.0
17148,42.0,82.0
17149,42.0,82.0
17150,42.0,82.0
17270,42.0,82.0
17271,42.0,82.0
17272,42.0,82.0
17434,42.0,82.0
17435,42.0,82.0
17436,42.0,82.0
17437,42.0,82.0
17438,42.0,82.0
17439,42.0,82.0
17440,42.0,82.0
17441,42.0,82.0
17442,42.0,82.0
17443,42.0,82.0
17444,42.0,82.0
17445,42.0,82.0
17446,42.0,82.0
17447,42.0,82.0
17448,42.0,82.0
17449,42.0,82.0
17450,42.0,82.0
17451,42.0,82.0
17452,42.0,82.0
17453,42.0,82.0
17454,42.0,82.0
17455,42.0,82.0
17456,42.0,82.0
17457,42.0,82.0
17458,42.0,82.0
17459,42.0,82.0
17460,42.0,82.0
17461,42.0,82.0
17462,42.0,82.0
17463,42.0,82.0
17464,42.0,82.0
17465,42.0,82.0
17466,42.0,82.0
17467,42.0,82.0
17468,42.0,82.0
17469,42.0,82.0
17470,42.0,82.0
17471,42.0,82.0
17472,42.0,82.0
17473,42.0,82.0
17474,42.0,82.0
17475,42.0,82.0
17476,42.0,82.0
17477,42.0,82.0
17478,42.0,82.0
17479,42.0,82.0
17480,42.0,82.0
17481,42.0,82.0
17482,42.0,82.0
17505,42.0,82.0
17506,42.0,82.0
17507,42.0,82.0
17508,42.0,82.0
17521,42.0,82.0
17522,42.0,82.0
17523,42.0,82.0
17524,42.0,82.0
17525,42.0,82.0
17526,42.0,82.0
17527,42.0,82.0
17528,42.0,82.0
17529,42.0,82.0
17530,42.0,82.0
17531,42.0,82.0
17532,42.0,82.0
17533,42.0,82.0
17534,42.0,82.0
17535,42.0,82.0
17536,42.0,82.0
17537,42.0,82.0
17538,42.0,82.0
17539,42.0,82.0
17540,42.0,82.0
17541,42.0,82.0
17542,42.0,82.0
17543,42.0,82.0
17544,42.0,82.0
17545,42.0,82.0
17546,42.0,82.0
17547,42.0,82.0
17548,42.0,82.0
17549,42.0,82.0
17550,42.0,82.0
17572,42.0,82.0
17573,42.0,82.0
17574,42.0,82.0
17575,42.0,82.0
17576,42.0,82.0
17577,42.0,82.0
17578,42.0,82.0
17579,42.0,82.0
17580,42.0,82.0
17581,42.0,82.0
17582,42.0,82.0
17583,42.0,82.0
17584,42.0,82.0
17585,42.0,82.0
17586,42.0,82.0
17587,42.0,82.0
17588,42.0,82.0
17589,42.0,82.0
17590,42.0,82.0
17591,42.0,82.0
17592,42.0,82.0
17593,42.0,82.0
17594,42.0,82.0
17595,42.0,82.0
17596,42.0,82.0
17597,42.0,82.0
17598,42.0,82.0
17599,42.0,82.0
17600,42.0,82.0
17601,42.0,82.0
17602,42.0,82.0
17603,42.0,82.0
17604,42.0,82.0
17605,42.0,82.0
17606,42.0,82.0
17607,42.0,82.0
17608,42.0,82.0
17609,42.0,82.0
17610,42.0,82.0
17611,42.0,82.0
17612,42.0,82.0
17613,42.0,82.0
17614,42.0,82.0
17615,42.0,82.0
17616,42.0,82.0
17617,42.0,82.0
17618,42.0,82.0
17619,42.0,82.0
17620,42.0,82.0
17621,42.0,82.0
17622,42.0,82.0
17704,42.0,82.0
17726,42.0,82.0
17727,42.0,82.0
17728,42.0,82.0
17729,42.0,82.0
17730,42.0,82.0
17731,42.0,82.0
17732,42.0,82.0
17733,42.0,82.0
17734,42.0,82.0
17735,42.0,82.0
17736,42.0,82.0
17737,42.0,82.0
17738,42.0,82.0
17739,42.0,82.0
17796,42.0,82.0
17797,42.0,82.0
17798,42.0,82.0
17799,42.0,82.0
17800,42.0,82.0
17801,42.0,82.0
17802,42.0,82.0
17803,42.0,82.0
17804,42.0,82.0
17805,42.0,82.0
17806,42.0,82.0
17807,42.0,82.0
17808,42.0,82.0
17809,42.0,82.0
17828,42.0,82.0
17829,42.0,82.0
17830,42.0,82.0
17831,42.0,82.0
17832,42.0,82.0
17833,42.0,82.0
17834,42.0,82.0
17835,42.0,82.0
17836,42.0,82.0
17837,42.0,82.0
17838,42.0,82.0
17839,42.0,82.0
17840,42.0,82.0
17841,42.0,82.0
17842,42.0,82.0
17843,42.0,82.0
17844,42.0,82.0
17845,42.0,82.0
17846,42.0,82.0
17847,42.0,82.0
17848,42.0,82.0
17849,42.0,82.0
17850,42.0,82.0
17862,42.0,82.0
17863,42.0,82.0
17864,42.0,82.0
17865,42.0,82.0
